Id,Position,First Name,Last Name,Expected Points,Salary,Team,Opponent
14190,WR,Julio,Jones,28.3,9400,ATL,HOU
6894,QB,Aaron,Rodgers,26.1,9200,GB,SF
21939,QB,Andrew,Luck,15.9,9100,IND,JAC
31360,WR,Odell,Beckham Jr.,16.1,9100,NYG,BUF
6703,RB,Adrian,Peterson,16.5,9000,MIN,DEN
6728,RB,Jamaal,Charles,21.4,8700,KC,CIN
9371,RB,Marshawn,Lynch,8.5,8600,SEA,DET
11432,WR,Demaryius,Thomas,14.3,8500,DEN,MIN
14187,WR,A.J.,Green,20.2,8400,CIN,KC
6616,QB,Matt,Ryan,19.4,8400,ATL,HOU
6504,QB,Drew,Brees,15.3,8400,NO,DAL
14185,QB,Cam,Newton,23.9,8300,CAR,TB
6899,RB,Matt,Forte,15,8300,CHI,OAK
22015,QB,Russell,Wilson,18.5,8200,SEA,DET
14257,WR,Randall,Cobb,19.9,8200,GB,SF
6661,QB,Peyton,Manning,15.7,8200,DEN,MIN
6748,QB,Carson,Palmer,22.5,8200,ARI,STL
6655,WR,Calvin,Johnson,12,8100,DET,SEA
14211,RB,Mark,Ingram,15.3,8100,NO,DAL
10777,RB,Arian,Foster,19.6,8000,HOU,ATL
16606,WR,DeAndre,Hopkins,18.7,7900,HOU,ATL
11505,WR,Emmanuel,Sanders,15.6,7900,DEN,MIN
6826,QB,Eli,Manning,15.9,7800,NYG,BUF
30968,RB,Eddie,Lacy,9.3,7800,GB,SF
29253,WR,Keenan,Allen,18.7,7700,SD,CLE
21980,WR,Alshon,Jeffery,10.3,7600,CHI,OAK
14225,QB,Andy,Dalton,23.9,7600,CIN,KC
14254,RB,DeMarco,Murray,12,7600,PHI,WAS
22031,WR,T.Y.,Hilton,10.1,7600,IND,JAC
14377,QB,Tyrod,Taylor,23.1,7600,BUF,NYG
14231,QB,Colin,Kaepernick,14.8,7500,SF,GB
32384,WR,Mike,Evans,6.8,7500,TB,CAR
34331,RB,Latavius,Murray,16.4,7500,OAK,CHI
28473,RB,Carlos,Hyde,15.3,7400,SF,GB
27553,RB,Joseph,Randle,16.2,7400,DAL,NO
7968,QB,Philip,Rivers,16,7400,SD,CLE
6883,WR,Larry,Fitzgerald,24.9,7400,ARI,STL
6840,RB,Frank,Gore,10.2,7300,IND,JAC
6779,RB,LeSean,McCoy,10.8,7300,BUF,NYG
31001,WR,Amari,Cooper,14.3,7200,OAK,CHI
6898,QB,Jay,Cutler,12.6,7200,CHI,OAK
24920,RB,Devonta,Freeman,20,7200,ATL,HOU
11414,QB,Sam,Bradford,11.3,7100,PHI,WAS
6654,QB,Matthew,Stafford,15.8,7000,DET,SEA
29501,WR,Brandin,Cooks,9,7000,NO,DAL
45859,QB,Derek,Carr,17,7000,OAK,CHI
24682,RB,Andre,Ellington,12.1,7000,ARI,STL
30837,WR,Jordan,Matthews,13.4,7000,PHI,WAS
29249,RB,C.J.,Anderson,4.5,6900,DEN,MIN
7953,WR,Vincent,Jackson,8.3,6800,TB,CAR
28900,RB,Melvin,Gordon,7.2,6800,SD,CLE
34308,QB,Blake,Bortles,17,6800,JAC,IND
6566,RB,Chris,Johnson,12.8,6700,ARI,STL
25290,RB,Giovani,Bernard,12.3,6700,CIN,KC
31397,RB,Jeremy,Hill,7,6700,CIN,KC
11485,WR,Golden,Tate,7.9,6600,DET,SEA
11512,TE,Jimmy,Graham,11.2,6600,SEA,DET
33259,QB,Teddy,Bridgewater,10.6,6500,MIN,DEN
7283,WR,Jeremy,Maclin,13.1,6500,KC,CIN
28643,WR,Allen,Robinson,14.2,6500,JAC,IND
24641,WR,Sammy,Watkins,6.5,6500,BUF,NYG
8005,QB,Alex,Smith,16.1,6500,KC,CIN
21970,RB,Doug,Martin,6.4,6400,TB,CAR
33076,TE,Travis,Kelce,15.5,6400,KC,CIN
21959,QB,Brandon,Weeden,7.9,6400,DAL,NO
6479,WR,Anquan,Boldin,7.7,6400,SF,GB
45889,WR,Davante,Adams,4.6,6400,GB,SF
54684,RB,Isaiah,Crowell,7,6400,CLE,SD
32415,QB,Johnny,Manziel,12.4,6400,CLE,SD
31406,RB,Alfred,Blue,8.9,6400,HOU,ATL
31061,RB,T.J.,Yeldon,7.7,6400,JAC,IND
6803,QB,Josh,McCown,11.4,6400,CLE,SD
24849,QB,Jameis,Winston,16.1,6400,TB,CAR
11609,RB,James,Starks,5.5,6400,GB,SF
22003,RB,Ronnie,Hillman,5.2,6300,DEN,MIN
31561,WR,Donte,Moncrief,15.5,6300,IND,JAC
14267,QB,Ryan,Mallett,13.3,6300,HOU,ATL
30244,RB,Matt,Jones,10.2,6300,WAS,PHI
6914,TE,Greg,Olsen,13.7,6300,CAR,TB
7872,QB,Brian,Hoyer,10.4,6300,HOU,ATL
24907,RB,Karlos,Williams,13.1,6300,BUF,NYG
22027,QB,Nick,Foles,12.3,6300,STL,ARI
6733,RB,Jonathan,Stewart,7.2,6300,CAR,TB
14288,WR,Torrey,Smith,8.2,6200,SF,GB
22113,RB,Alfred,Morris,7.4,6200,WAS,PHI
7660,RB,Fred,Jackson,4.4,6100,SEA,DET
27229,RB,Ameer,Abdullah,10.3,6100,DET,SEA
9421,RB,Danny,Woodhead,13,6100,SD,CLE
6687,QB,Mark,Sanchez,16.7,6100,PHI,WAS
22038,QB,Kirk,Cousins,12.2,6100,WAS,PHI
6774,WR,Pierre,Garcon,10.2,6100,WAS,PHI
6641,TE,Jason,Witten,13.5,6000,DAL,NO
31261,RB,Tre,Mason,3.8,6000,STL,ARI
7222,WR,James,Jones,17.3,6000,GB,SF
8052,RB,Rashad,Jennings,7.3,6000,NYG,BUF
7972,RB,Darren,Sproles,12.5,6000,PHI,WAS
7806,RB,Darren,McFadden,6.6,6000,DAL,NO
7778,QB,Matt,Cassel,0,6000,DAL,NO
28095,RB,Thomas,Rawls,3.6,6000,SEA,DET
6739,WR,DeSean,Jackson,0,6000,WAS,PHI
22035,WR,Travis,Benjamin,19.3,6000,CLE,SD
30447,RB,Todd,Gurley,1.9,5900,STL,ARI
11425,RB,Ryan,Mathews,9.4,5900,PHI,WAS
27776,RB,Tevin,Coleman,8.6,5900,ATL,HOU
31836,WR,Terrance,Williams,8.3,5900,DAL,NO
7844,QB,Chad,Henne,10.4,5900,JAC,IND
7645,WR,Steve,Johnson,12.1,5800,SD,CLE
14245,RB,Shane,Vereen,7.9,5800,NYG,BUF
54606,WR,John,Brown,9.1,5800,ARI,STL
9392,WR,Michael,Crabtree,11.1,5800,OAK,CHI
8051,QB,Luke,McCown,3.8,5800,NO,DAL
21999,WR,Rueben,Randle,8.6,5700,NYG,BUF
33557,TE,Tyler,Eifert,13.3,5700,CIN,KC
11466,QB,Jimmy,Clausen,3.6,5700,CHI,OAK
14626,WR,Doug,Baldwin,10.2,5700,SEA,DET
31871,RB,Charles,Sims,7.8,5700,TB,CAR
6704,WR,Percy,Harvin,12.1,5700,BUF,NYG
21994,QB,Brock,Osweiler,1.5,5600,DEN,MIN
6535,WR,Kenny,Britt,9.9,5600,STL,ARI
21941,QB,Robert,Griffin III,10.4,5600,WAS,PHI
6618,WR,Roddy,White,3.5,5600,ATL,HOU
14283,WR,Leonard,Hankerson,8.4,5600,ATL,HOU
30298,TE,Jordan,Reed,13.2,5600,WAS,PHI
22292,RB,Lance,Dunbar,11.1,5600,DAL,NO
22219,WR,Jermaine,Kearse,7.4,5600,SEA,DET
22047,TE,Ladarius,Green,11.6,5600,SD,CLE
6627,WR,Ted,Ginn Jr.,9.9,5500,CAR,TB
6448,TE,Martellus,Bennett,8.1,5500,CHI,OAK
26141,QB,Ryan,Nassib,0.5,5500,NYG,BUF
11419,RB,C.J.,Spiller,3.4,5500,NO,DAL
62497,RB,David,Johnson,11.5,5500,ARI,STL
11712,RB,Joique,Bell,4.9,5500,DET,SEA
22103,WR,Marvin,Jones,11,5500,CIN,KC
24949,QB,E.J.,Manuel,-0.2,5500,BUF,NYG
28677,QB,Matt,McGloin,10.7,5500,OAK,CHI
8803,QB,Chase,Daniel,2.6,5400,KC,CIN
29685,WR,Robert,Woods,7.7,5400,BUF,NYG
6645,WR,Marques,Colston,6.7,5400,NO,DAL
6607,WR,Mike,Wallace,7,5400,MIN,DEN
22848,QB,Austin,Davis,11.7,5400,CLE,SD
14194,QB,Blaine,Gabbert,6,5400,SF,GB
14305,RB,Roy,Helu,0.9,5400,OAK,CHI
31073,RB,Knile,Davis,3.4,5400,KC,CIN
25813,WR,Phillip,Dorsett,5.9,5400,IND,JAC
25837,RB,Duke,Johnson,4.3,5400,CLE,SD
39649,RB,Benny,Cunningham,7.6,5400,STL,ARI
25694,RB,Andre,Williams,4.9,5400,NYG,BUF
7952,WR,Malcom,Floyd,8.1,5400,SD,CLE
7761,TE,Jared,Cook,6.5,5400,STL,ARI
6681,WR,Andre,Johnson,2.9,5400,IND,JAC
6643,RB,Reggie,Bush,0.8,5300,SF,GB
11999,WR,Victor,Cruz,8.5,5300,NYG,BUF
14307,WR,Cecil,Shorts,7.6,5300,HOU,ATL
14317,TE,Julius,Thomas,11,5300,JAC,IND
26458,WR,Tavon,Austin,8.6,5300,STL,ARI
25760,WR,Allen,Hurns,9.8,5300,JAC,IND
11431,TE,Jermaine,Gresham,2.1,5300,ARI,STL
12550,D,Seattle,Seahawks,13.7,5300,SEA,DET
22004,TE,Dwayne,Allen,4.6,5200,IND,JAC
14198,QB,Christian,Ponder,6.7,5200,OAK,CHI
6610,WR,Nate,Washington,9.2,5200,HOU,ATL
6373,QB,Derek,Anderson,8.4,5200,CAR,TB
8071,QB,Dan,Orlovsky,0,5200,DET,SEA
47294,RB,Terrence,Franks,0,5200,STL,ARI
16923,TE,Austin,Seferian-Jenkins,14.7,5200,TB,CAR
22288,WR,Cole,Beasley,5.1,5200,DAL,NO
6814,QB,Tarvaris,Jackson,6.1,5200,SEA,DET
21123,TE,Larry,Donnell,6.4,5200,NYG,BUF
7919,QB,Kellen,Clemens,6.5,5200,SD,CLE
7744,QB,Drew,Stanton,-0.3,5200,ARI,STL
14362,TE,Charles,Clay,10.8,5200,BUF,NYG
29780,TE,Zach,Ertz,4.4,5200,PHI,WAS
41807,RB,Michael,Dyer,0,5100,OAK,CHI
25272,TE,Eric,Ebron,11.4,5100,DET,SEA
54741,WR,Seth,Roberts,7.8,5100,OAK,CHI
25410,QB,Mike,Glennon,15.9,5100,TB,CAR
31047,QB,AJ,McCarron,0,5100,CIN,KC
14761,WR,Andre,Holmes,4.4,5100,OAK,CHI
14696,QB,Scott,Tolzien,0,5100,GB,SF
22234,RB,Chris,Polk,3.3,5100,HOU,ATL
6844,QB,Shaun,Hill,10.8,5100,MIN,DEN
6870,TE,Vernon,Davis,5,5100,SF,GB
6724,K,Steven,Hauschka,11.3,5100,SEA,DET
27050,WR,Tyler,Lockett,6.7,5100,SEA,DET
24891,RB,Chris,Thompson,7.1,5100,WAS,PHI
14344,QB,T.J.,Yates,1.6,5100,ATL,HOU
21972,WR,Brian,Quick,9.7,5000,STL,ARI
21952,WR,Michael,Floyd,1.3,5000,ARI,STL
14237,TE,Kyle,Rudolph,7.2,5000,MIN,DEN
6422,TE,Gary,Barnidge,9,5000,CLE,SD
54608,RB,Jerick,McKinnon,2.1,5000,MIN,DEN
14952,K,Dan,Bailey,7,5000,DAL,NO
11436,QB,Tim,Tebow,0,5000,PHI,WAS
12546,D,Arizona,Cardinals,17,5000,ARI,STL
6809,WR,Brian,Hartline,5,5000,CLE,SD
22165,RB,Bryce,Brown,5.2,5000,BUF,NYG
6897,K,Mason,Crosby,10.7,5000,GB,SF
11761,QB,Thaddeus,Lewis,0,5000,PHI,WAS
26094,WR,Brandon,Coleman,6.1,5000,NO,DAL
33465,RB,Theo,Riddick,8.8,5000,DET,SEA
44090,RB,Alonzo,Harris,1.7,5000,GB,SF
7788,WR,Louis,Murphy,5.8,5000,TB,CAR
21984,RB,Isaiah,Pead,-0.8,4900,STL,ARI
21971,TE,Coby,Fleener,3.4,4900,IND,JAC
26247,K,Brandon,McManus,11.3,4900,DEN,MIN
29683,WR,Nelson,Agholor,1.9,4900,PHI,WAS
34288,WR,Rannell,Hall,0,4900,TB,CAR
31675,RB,Josh,Robinson,2.8,4900,IND,JAC
6488,WR,Dwayne,Bowe,0,4900,CLE,SD
38269,RB,Cameron,Artis-Payne,0.3,4900,CAR,TB
29314,TE,Richard,Rodgers,6.5,4900,GB,SF
32354,WR,Malcome,Kennedy,0,4900,NO,DAL
24797,RB,Juwan,Thompson,0.4,4900,DEN,MIN
11479,RB,Toby,Gerhart,1,4900,JAC,IND
12556,D,Houston,Texans,4.7,4900,HOU,ATL
14704,WR,Chris,Hogan,4.4,4900,BUF,NYG
30807,TE,Mychal,Rivera,1.3,4900,OAK,CHI
6668,K,Adam,Vinatieri,2,4900,IND,JAC
22054,WR,Jarius,Wright,4.2,4900,MIN,DEN
34073,QB,Ryan,Griffin,2.3,4800,HOU,ATL
43956,QB,David,Fales,0,4800,CHI,OAK
29605,QB,Matt,Barkley,0,4800,ARI,STL
45797,QB,Garrett,Grayson,0,4800,NO,DAL
29445,QB,Sean,Mannion,0,4800,STL,ARI
6522,K,Josh,Brown,13,4800,NYG,BUF
22994,QB,Case,Keenum,12.4,4800,STL,ARI
30364,QB,Aaron,Murray,0,4800,KC,CIN
54705,QB,Dustin,Vaughan,0,4800,BUF,NYG
6387,WR,Miles,Austin,1.1,4800,PHI,WAS
39373,WR,Jaelen,Strong,0,4800,HOU,ATL
24760,QB,Sean,Renfree,0,4800,ATL,HOU
12553,D,Carolina,Panthers,10.3,4800,CAR,TB
11500,QB,Colt,McCoy,13.2,4800,WAS,PHI
24755,WR,Jamison,Crowder,3.8,4800,WAS,PHI
10354,RB,Marcel,Reece,8.1,4800,OAK,CHI
29003,RB,Ka'Deem,Carey,0,4800,CHI,OAK
24569,K,Chandler,Catanzaro,7.7,4800,ARI,STL
39492,TE,Josh,Hill,0.7,4800,NO,DAL
7975,RB,Mike,Tolbert,4.2,4800,CAR,TB
6831,QB,Matt,Hasselbeck,4.2,4800,IND,JAC
30788,QB,Tyler,Bray,0,4800,KC,CIN
7831,K,Sebastian,Janikowski,8.3,4800,OAK,CHI
39900,RB,Khiry,Robinson,8.2,4800,NO,DAL
10647,K,Matt,Bryant,10.3,4800,ATL,HOU
22187,QB,Chandler,Harnish,0,4800,ARI,STL
29915,QB,Brett,Hundley,0,4800,GB,SF
12526,D,Buffalo,Bills,8.7,4800,BUF,NYG
11543,TE,Clay,Harbor,3.9,4800,JAC,IND
11562,TE,Andrew,Quarless,0.8,4800,GB,SF
11615,QB,Joe,Webb,0,4800,CAR,TB
28202,RB,Jeremy,Langford,2.7,4700,CHI,OAK
6636,K,Mike,Nugent,6.3,4700,CIN,KC
47640,RB,Branden,Oliver,1.8,4700,SD,CLE
37245,RB,Foswhitt,Whittaker,1.2,4700,CAR,TB
31280,K,Cody,Parkey,5.7,4700,PHI,WAS
28486,WR,Corey (Philly),Brown,5.6,4700,CAR,TB
44449,WR,Willie,Snead,8,4700,NO,DAL
14757,RB,Matt,Asiata,2.5,4700,MIN,DEN
11504,WR,Andre,Roberts,2.6,4700,WAS,PHI
39449,WR,Charles,Johnson,2.5,4700,MIN,DEN
39445,WR,Brice,Butler,0,4700,DAL,NO
22336,WR,Josh,Bellamy,3.8,4700,CHI,OAK
6810,K,Dan,Carpenter,8.7,4700,BUF,NYG
10744,K,Graham,Gano,8.7,4700,CAR,TB
24912,K,Dustin,Hopkins,7.5,4700,WAS,PHI
25886,WR,Devin,Street,0.8,4700,DAL,NO
6672,TE,Marcedes,Lewis,0,4700,JAC,IND
29734,WR,Ty,Montgomery,4.7,4700,GB,SF
12533,D,Green Bay,Packers,6.3,4700,GB,SF
22100,K,Randy,Bullock,6.7,4700,HOU,ATL
12528,D,Cincinnati,Bengals,8,4700,CIN,KC
6664,TE,Jacob,Tamme,4.8,4700,ATL,HOU
12531,D,Denver,Broncos,17.7,4700,DEN,MIN
11577,WR,Riley,Cooper,1.3,4700,PHI,WAS
6702,K,Phil,Dawson,4.7,4700,SF,GB
24862,WR,Rashad,Greene,7,4700,JAC,IND
6768,WR,Eddie,Royal,4,4700,CHI,OAK
22048,RB,Robert,Turbin,4.2,4700,CLE,SD
29593,WR,Marqise,Lee,3.4,4600,JAC,IND
22958,RB,Bobby,Rainey,1.1,4600,TB,CAR
14240,TE,Lance,Kendricks,5.1,4600,STL,ARI
34275,RB,Storm,Johnson,3.5,4600,JAC,IND
14301,RB,Kendall,Hunter,0,4600,SF,GB
12903,WR,Andrew,Hawkins,4.2,4600,CLE,SD
47953,WR,Lucky,Whitehead,0,4600,DAL,NO
38301,TE,Darren,Fells,6,4600,ARI,STL
33714,K,Cairo,Santos,6,4600,KC,CIN
33703,WR,Ryan,Grant,3.3,4600,WAS,PHI
44351,WR,L.T.,Smith,0,4600,IND,JAC
22228,TE,Chase,Ford,3.9,4600,MIN,DEN
29827,TE,Joseph,Fauria,2.6,4600,ARI,STL
6910,K,Robbie,Gould,9.3,4600,CHI,OAK
7870,TE,Benjamin,Watson,3.3,4600,NO,DAL
6682,TE,Owen,Daniels,5.4,4600,DEN,MIN
22108,RB,Vick,Ballard,0,4600,IND,JAC
22109,K,Greg,Zuerlein,7.7,4600,STL,ARI
22110,K,Blair,Walsh,6,4600,MIN,DEN
11538,TE,Garrett,Graham,2.9,4600,HOU,ATL
12529,D,Cleveland,Browns,7.7,4600,CLE,SD
28080,WR,Devin,Funchess,1.8,4600,CAR,TB
6688,WR,Jerricho,Cotchery,7.1,4600,CAR,TB
14394,TE,Virgil,Green,3.8,4600,DEN,MIN
22018,WR,Mohamed,Sanu,3.6,4600,CIN,KC
6567,TE,David,Johnson,0.1,4500,SD,CLE
21990,WR,Ryan,Broyles,0.7,4500,DET,SEA
30598,TE,Rory,Anderson,0,4500,SF,GB
34125,WR,Geremy,Davis,0.3,4500,NYG,BUF
61247,TE,Joe Don,Duncan,0,4500,DEN,MIN
64104,RB,Terrell,Watson,0,4500,CIN,KC
22800,RB,Derrick,Coleman,0.2,4500,SEA,DET
29672,RB,Silas,Redd,1.9,4500,WAS,PHI
30635,RB,Mike,Davis,2.2,4500,SF,GB
34154,WR,Jamarcus,Nelson,-1,4500,ARI,STL
26343,WR,Corey,Fuller,0,4500,DET,SEA
27199,RB,Marcus,Murphy,2,4500,NO,DAL
64014,WR,Avius,Capers,0,4500,CAR,TB
30667,TE,Justice,Cunningham,0,4500,STL,ARI
22849,TE,Cory,Harkey,0,4500,STL,ARI
30709,WR,Bruce,Ellington,1.5,4500,SF,GB
33137,WR,Justin,Hardy,0,4500,ATL,HOU
6622,WR,Eric,Weems,0,4500,ATL,HOU
64042,RB,LaVance,Taylor,0,4500,KC,CIN
64046,WR,Ed,Williams,0,4500,GB,SF
14230,RB,Ryan,Williams,0,4500,DAL,NO
11829,WR,Preston,Parker,3.4,4500,NYG,BUF
62985,WR,Jeret,Smith,0,4500,KC,CIN
15178,RB,Chase,Reynolds,0,4500,STL,ARI
27378,RB,Trey,Millard,0,4500,SF,GB
28311,TE,MarQueis,Gray,0,4500,BUF,NYG
22920,TE,Derek,Carrier,0.6,4500,WAS,PHI
14265,WR,Austin,Pettis,4.8,4500,SD,CLE
29540,RB,Terron,Ward,0.5,4500,ATL,HOU
22938,WR,Rod,Streater,1.3,4500,OAK,CHI
27338,RB,Rex,Burkhead,1.4,4500,CIN,KC
14253,WR,Greg,Little,1.9,4500,CIN,KC
23023,TE,Cooper,Helfet,0,4500,SEA,DET
14297,WR,Greg,Salas,2.9,4500,DET,SEA
28408,WR,Kyle,Prater,0,4500,NO,DAL
14302,WR,Kris,Durham,2.1,4500,OAK,CHI
14274,TE,Rob,Housler,0,4500,CLE,SD
14277,WR,Vincent,Brown,2.5,4500,IND,JAC
15121,WR,Chris,Matthews,1,4500,SEA,DET
30591,WR,Ace,Sanders,1,4500,JAC,IND
11870,WR,Seyi,Ajirotutu,0,4500,PHI,WAS
22991,RB,Jonathan,Grimes,5.7,4500,HOU,ATL
14304,TE,Luke,Stocker,0,4500,TB,CAR
54782,TE,Cameron,Brate,0,4500,TB,CAR
7394,TE,Brandon,Pettigrew,0,4500,DET,SEA
54753,WR,Taylor,Gabriel,2.5,4500,CLE,SD
26498,WR,Stedman,Bailey,2.6,4500,STL,ARI
31329,WR,Russell,Shepard,0.4,4500,TB,CAR
15006,RB,Shaun,Draughn,0.4,4500,CLE,SD
30403,WR,Chris,Conley,0.7,4500,KC,CIN
30414,WR,Michael,Bennett,0,4500,CIN,KC
6388,WR,Jason,Avant,0.6,4500,KC,CIN
44791,RB,Bronson,Hill,0,4500,CHI,OAK
39411,TE,Gavin,Escobar,2.8,4500,DAL,NO
27445,WR,Jalen,Saunders,-0.1,4500,CHI,OAK
29340,WR,Josh,Huff,3,4500,PHI,WAS
15032,RB,Henry,Hynoski,0.1,4500,NYG,BUF
29357,RB,Kenjon,Barner,0,4500,PHI,WAS
27403,TE,Blake,Bell,0.7,4500,SF,GB
28487,TE,Jeff,Heuerman,0,4500,DEN,MIN
29351,WR,De'Anthony,Thomas,1.4,4500,KC,CIN
54663,WR,Seantavius,Jones,0,4500,NO,DAL
32410,RB,Trey,Williams,0,4500,WAS,PHI
30249,WR,Frankie,Hammond,0.4,4500,KC,CIN
64487,WR,Adam,Drake,0,4500,KC,CIN
44560,TE,Alex,Bayer,0,4500,SD,CLE
54623,WR,Jeff,Janis,0,4500,GB,SF
7244,RB,John,Kuhn,0,4500,GB,SF
32418,RB,Christine,Michael,1.9,4500,DAL,NO
12055,TE,Logan,Paulsen,1.1,4500,WAS,PHI
30259,WR,Solomon,Patton,0.3,4500,DEN,MIN
32429,K,Josh,Lambo,6.3,4500,SD,CLE
44670,TE,Deon,Butler,0,4500,DET,SEA
30297,TE,Trey,Burton,0,4500,PHI,WAS
22754,TE,Garrett,Celek,4,4500,SF,GB
46001,RB,Joey,Iosefa,0,4500,TB,CAR
33007,TE,Blake,Annen,0,4500,GB,SF
33981,TE,Eric,Frohnapfel,0,4500,SD,CLE
32045,TE,Vance,McDonald,0.5,4500,SF,GB
62628,WR,DeAndre,Carter,0,4500,OAK,CHI
62631,RB,Gus,Johnson,0,4500,DAL,NO
30108,WR,Marquess,Wilson,2.8,4500,CHI,OAK
25775,TE,Clive,Walford,0.5,4500,OAK,CHI
32000,TE,Luke,Willson,2.3,4500,SEA,DET
14815,WR,Joseph,Morgan,0,4500,NO,DAL
25783,RB,Mike,James,0.3,4500,TB,CAR
62616,RB,Zach,Zenner,0.2,4500,DET,SEA
38517,RB,Dreamius,Smith,0,4500,SD,CLE
33541,K,Kyle,Brindza,7.7,4500,TB,CAR
60745,K,Jason,Myers,7.3,4500,JAC,IND
31036,WR,Kevin,Norwood,0,4500,CAR,TB
27771,WR,Cody,Latimer,0,4500,DEN,MIN
48344,WR,Albert,Wilson,1.3,4500,KC,CIN
12545,D,Philadelphia,Eagles,9.7,4500,PHI,WAS
11488,TE,Ed,Dickson,1.4,4500,CAR,TB
22447,WR,Griff,Whalen,0,4500,IND,JAC
62508,TE,James,O'Shaughnessy,2.1,4500,KC,CIN
62505,TE,MyCole,Pruitt,0,4500,MIN,DEN
60800,RB,Jarryd,Hayne,0.3,4500,SF,GB
31207,TE,C.J.,Uzomah,0,4500,CIN,KC
29994,K,Travis,Coons,5.7,4500,CLE,SD
39427,WR,Quinton,Patton,1.9,4500,SF,GB
6951,TE,James,Casey,0,4500,DEN,MIN
33691,RB,Orleans,Darkwa,0,4500,NYG,BUF
31188,TE,Chris,Gragg,1.4,4500,BUF,NYG
14683,RB,Patrick,DiMarco,1.1,4500,ATL,HOU
39512,RB,Kendall,Gaskins,0,4500,SF,GB
14629,WR,Ricardo,Lockette,0.9,4500,SEA,DET
32234,RB,Malcolm,Brown,0,4500,STL,ARI
24589,WR,Jaron,Brown,3.4,4500,ARI,STL
32243,WR,Marquise,Goodwin,0.6,4500,BUF,NYG
14645,WR,Dontrelle,Inman,0,4500,SD,CLE
14649,TE,Kyle,Miller,0,4500,SD,CLE
62534,TE,Brian,Parker,0,4500,KC,CIN
9442,WR,Brandon,Tate,0,4500,CIN,KC
39539,TE,Brian,Leonhardt,1,4500,OAK,CHI
31109,K,Zach,Hocker,6.3,4500,NO,DAL
26799,TE,Ernst,Brun Jr.,0,4500,WAS,PHI
27878,RB,Mark,Weisman,0,4500,CIN,KC
39521,WR,Da'Rick,Rogers,0,4500,KC,CIN
11648,TE,Jim,Dray,0.6,4500,CLE,SD
25052,RB,Zach,Laskey,0,4500,STL,ARI
27908,TE,C.J.,Fiedorowicz,1.5,4500,HOU,ATL
10695,RB,Darrel,Young,0.2,4500,WAS,PHI
11671,RB,Erik,Lorig,1.2,4500,NO,DAL
63858,WR,AJ,Cruz,0,4500,CHI,OAK
44163,WR,James,Butler,0,4500,GB,SF
22235,RB,Jeremy,Stewart,0.6,4500,DEN,MIN
23055,TE,Brandon,Bostick,0.6,4500,ARI,STL
26038,TE,Tyler,Kroft,0,4500,CIN,KC
25079,WR,Stefon,Diggs,0,4500,MIN,DEN
6828,RB,Tim,Hightower,0,4500,NO,DAL
39859,TE,Jack,Doyle,1.6,4500,IND,JAC
23076,RB,Jorvorskie,Lane,0,4500,TB,CAR
6823,TE,John,Phillips,1.8,4500,SD,CLE
26074,TE,Tim,Wright,0,4500,DET,SEA
6868,TE,Daniel,Fells,4.5,4500,NYG,BUF
6904,WR,Devin,Hester,5.9,4500,ATL,HOU
22177,WR,Junior,Hemingway,1.2,4500,KC,CIN
22181,TE,David,Paulson,0,4500,SD,CLE
22185,RB,Brad,Smelley,0,4500,STL,ARI
22198,WR,Brittan,Golden,0,4500,ARI,STL
30733,WR,Cordarrelle,Patterson,0.5,4500,MIN,DEN
59424,TE,Taylor,Sloat,0,4500,TB,CAR
6684,WR,Jacoby,Jones,0,4500,SD,CLE
65926,TE,Anthony,Ezeakunne,0,4500,CLE,SD
29728,RB,Ricky,Seale,0,4500,BUF,NYG
6660,RB,Donald,Brown,4.5,4500,SD,CLE
12542,D,New Orleans,Saints,5,4500,NO,DAL
12537,D,Oakland,Raiders,5,4500,OAK,CHI
12530,D,Dallas,Cowboys,6,4500,DAL,NO
65962,TE,Dan,Light,0,4500,DEN,MIN
7801,TE,Brandon,Myers,1.1,4500,TB,CAR
22123,TE,James,Hanna,0,4500,DAL,NO
39716,WR,Adam,Thielen,0.9,4500,MIN,DEN
11557,RB,John,Conner,1,4500,BUF,NYG
14406,RB,Bruce,Miller,0.4,4500,SF,GB
29725,TE,Levine,Toilolo,1.3,4500,ATL,HOU
29723,RB,Stepfan,Taylor,0.2,4500,ARI,STL
22029,RB,Bernard,Pierce,0.9,4500,JAC,IND
11594,RB,Anthony,Dixon,2,4500,BUF,NYG
6742,TE,Brent,Celek,0.4,4500,PHI,WAS
57348,RB,Glenn,Winston,0,4500,CLE,SD
22042,TE,Evan,Rodriguez,0,4500,TB,CAR
22034,WR,Chris,Givens,1.2,4500,STL,ARI
10531,WR,Jordan,Norwood,3.5,4500,DEN,MIN
14358,WR,Dwayne,Harris,0.4,4500,NYG,BUF
11622,WR,Trindon,Holliday,1.7,4500,OAK,CHI
14361,TE,Richard,Gordon,0,4500,KC,CIN
6782,K,Matt,Prater,2.7,4500,DET,SEA
6783,WR,Lance,Moore,1.9,4500,DET,SEA
33488,TE,Troy,Niklas,0,4500,ARI,STL
14338,WR,Denarius,Moore,1.6,4500,CIN,KC
6753,WR,Andre,Caldwell,0.8,4500,DEN,MIN
14336,RB,Jacquizz,Rodgers,1.7,4500,CHI,OAK
7722,WR,Kevin,Ogletree,1.2,4500,NYG,BUF
7718,RB,Cedric,Peerman,0,4500,CIN,KC
22067,TE,Adrien,Robinson,0.8,4500,NYG,BUF
22065,TE,Rhett,Ellison,0.3,4500,MIN,DEN
11635,WR,Marc,Mariani,0,4500,CHI,OAK
12548,D,San Diego,Chargers,3.7,4400,SD,CLE
12540,D,Minnesota,Vikings,9.7,4400,MIN,DEN
12538,D,St Louis,Rams,10,4400,STL,ARI
12535,D,Indianapolis,Colts,5.3,4400,IND,JAC
12536,D,Kansas City,Chiefs,6,4300,KC,CIN
12532,D,Detroit,Lions,7,4300,DET,SEA
12525,D,Atlanta,Falcons,4,4200,ATL,HOU
12543,D,New York,Giants,8.7,4200,NYG,BUF
12552,D,Washington,Redskins,6.3,4100,WAS,PHI
12527,D,Chicago,Bears,1.3,4100,CHI,OAK
12549,D,San Francisco,49ers,4,4000,SF,GB
12551,D,Tampa Bay,Buccaneers,5.7,4000,TB,CAR
12554,D,Jacksonville,Jaguars,2.7,4000,JAC,IND
